RECORDID,ZETTAICODE,PREFCODE,SUIIKICODE,CHITENCODE,NENDO,FISCALYEAR,MONTH,DAYTIME,DEPTH,DEPTH2,PH,PH2,PH3,DO_,DO_2,DO_3,BOD,BOD2,BOD3,COD,COD2,COD3,SS,SS2,SS3,COLON,COLON2,COLON3,HEX,HEX2,HEX3,ALLZN,ALLZN2,ALLZN3,BOTTOMDO,BOTTOMDO2,BOTTOMDO3,LAS,LAS2,LAS3,NONYLPHENOL,NONYLPHENOL2,NONYLPHENOL3,COLI,COLI2,COLI3
2730250004,2730250,27,601,71,2007,2007,8,070947,13,10.0000,7.9,7.9000,,1.4,1.4000,,,,,2.1,2.1000,,,,,,,,,,,,,,,,,,,,,,,,,
2730250005,2730250,27,601,71,2007,2007,11,060851,11,1.0000,8.2,8.2000,,7.2,7.2000,,,,,2.3,2.3000,,2,2.0000,,,,,ND,0.0000,,,,,,,,,,,,,,,,
2730250006,2730250,27,601,71,2007,2007,11,060851,13,9.7000,8.2,8.2000,,6.6,6.6000,,,,,2.3,2.3000,,,,,,,,,,,,,,,,,,,,,,,,,
2730250007,2730250,27,601,71,2007,2008,2,180940,11,1.0000,8.3,8.3000,,12,12.0000,,,,,4.1,4.1000,,6,6.0000,,,,,ND,0.0000,,,,,,,,,,,,,,,,
2730250008,2730250,27,601,71,2007,2008,2,180940,13,9.6000,8.3,8.3000,,11,11.0000,,,,,4,4.0000,,,,,,,,,,,,,,,,,,,,,,,,,
2730060001,2730060,27,601,53,2007,2007,4,040845,11,1.0000,8.3,8.3000,,9,9.0000,,2.6,2.6000,,4.2,4.2000,,3,3.0000,,,,,,,,,,,,,,,,,,,,,,
2730060002,2730060,27,601,53,2007,2007,5,170843,11,1.0000,8.2,8.2000,,8.7,8.7000,,2.4,2.4000,,5,5.0000,,4,4.0000,,,,,,,,,,,,,,,,,,,,,,
2730060003,2730060,27,601,53,2007,2007,6,060834,11,1.0000,8.3,8.3000,,9.8,9.8000,,2.7,2.7000,,5.8,5.8000,,6,6.0000,,,,,,,,,,,,,,,,,,,,,,
2730060004,2730060,27,601,53,2007,2007,7,200846,11,1.0000,8.6,8.6000,,9.7,9.7000,,3.8,3.8000,,6,6.0000,,10,10.0000,,,,,,,,,,,,,,,,,,,,,,
2730060005,2730060,27,601,53,2007,2007,8,020913,11,1.0000,8.2,8.2000,,8.6,8.6000,,3.7,3.7000,,4.5,4.5000,,6,6.0000,,,,,,,,,,,,,,,,,,,,,,
2730060006,2730060,27,601,53,2007,2007,9,130916,11,1.0000,7.9,7.9000,,4.7,4.7000,,1.4,1.4000,,3.4,3.4000,,2,2.0000,,,,,,,,,,,,,,,,,,,,,,
2730060007,2730060,27,601,53,2007,2007,10,110852,11,1.0000,7.9,7.9000,,5.7,5.7000,,0.9,0.9000,,3.4,3.4000,,1,1.0000,,,,,,,,,,,,,,,,,,,,,,
2730060008,2730060,27,601,53,2007,2007,11,080848,11,1.0000,7.9,7.9000,,6.7,6.7000,,0.9,0.9000,,2.5,2.5000,,1,1.0000,,,,,,,,,,,,,,,,,,,,,,
2730060009,2730060,27,601,53,2007,2007,12,120842,11,1.0000,8,8.0000,,7.8,7.8000,,0.6,0.6000,,3.3,3.3000,,1,1.0000,,,,,,,,,,,,,,,,,,,,,,
2730060010,2730060,27,601,53,2007,2008,1,100840,11,1.0000,7.9,7.9000,,8.7,8.7000,,0.6,0.6000,,3.7,3.7000,,<1,0.0000,,,,,,,,,,,,,,,,,,,,,,
2730060011,2730060,27,601,53,2007,2008,2,070853,11,1.0000,8.3,8.3000,,11,11.0000,,2.6,2.6000,,4.3,4.3000,,4,4.0000,,,,,,,,,,,,,,,,,,,,,,
2730050003,2730050,27,601,52,2007,2007,6,060819,11,1.0000,8.2,8.2000,,8.7,8.7000,,3.7,3.7000,,6.1,6.1000,,7,7.0000,,,,,,,,,,,,,,,,,,,,,,
2730050004,2730050,27,601,52,2007,2007,7,200829,11,1.0000,8.2,8.2000,,8.9,8.9000,,4.1,4.1000,,6.4,6.4000,,8,8.0000,,,,,,,,,,,,,,,,,,,,,,
2730050005,2730050,27,601,52,2007,2007,8,020848,11,1.0000,8.1,8.1000,,8.5,8.5000,,4.2,4.2000,,5.3,5.3000,,6,6.0000,,,,,,,,,,,,,,,,,,,,,,
2730050006,2730050,27,601,52,2007,2007,9,130901,11,1.0000,7.8,7.8000,,3.9,3.9000,,1.2,1.2000,,3.7,3.7000,,3,3.0000,,,,,,,,,,,,,,,,,,,,,,
2730050007,2730050,27,601,52,2007,2007,10,110833,11,1.0000,7.9,7.9000,,4.5,4.5000,,0.8,0.8000,,3.5,3.5000,,1,1.0000,,,,,,,,,,,,,,,,,,,,,,
2730050008,2730050,27,601,52,2007,2007,11,080827,11,1.0000,8.2,8.2000,,5.5,5.5000,,0.7,0.7000,,2.4,2.4000,,2,2.0000,,,,,,,,,,,,,,,,,,,,,,
2730050009,2730050,27,601,52,2007,2007,12,120828,11,1.0000,8,8.0000,,7.2,7.2000,,0.8,0.8000,,2.7,2.7000,,1,1.0000,,,,,,,,,,,,,,,,,,,,,,
2730050010,2730050,27,601,52,2007,2008,1,100826,11,1.0000,7.9,7.9000,,8.1,8.1000,,0.7,0.7000,,3.2,3.2000,,<1,0.0000,,,,,,,,,,,,,,,,,,,,,,
2730050011,2730050,27,601,52,2007,2008,2,070831,11,1.0000,8.2,8.2000,,9.9,9.9000,,1.4,1.4000,,4.3,4.3000,,3,3.0000,,,,,,,,,,,,,,,,,,,,,,
2730050012,2730050,27,601,52,2007,2008,3,070825,11,1.0000,7.9,7.9000,,8.6,8.6000,,1.2,1.2000,,3.9,3.9000,,3,3.0000,,,,,,,,,,,,,,,,,,,,,,
2730060012,2730060,27,601,53,2007,2008,3,070842,11,1.0000,8,8.0000,,8.2,8.2000,,0.5,0.5000,,2.9,2.9000,,2,2.0000,,,,,,,,,,,,,,,,,,,,,,
2730070001,2730070,27,601,54,2007,2007,4,040913,11,1.0000,8.1,8.1000,,7.9,7.9000,,2,2.0000,,4.1,4.1000,,3,3.0000,,,,,,,,,,,,,,,,,,,,,,
2730070002,2730070,27,601,54,2007,2007,5,170915,11,1.0000,7.7,7.7000,,7.8,7.8000,,2.5,2.5000,,7,7.0000,,8,8.0000,,,,,,,,,,,,,,,,,,,,,,
2730070003,2730070,27,601,54,2007,2007,6,060904,11,1.0000,7.8,7.8000,,6.4,6.4000,,3.2,3.2000,,5.9,5.9000,,7,7.0000,,,,,,,,,,,,,,,,,,,,,,
2730030006,2730030,27,601,03,2007,2007,6,050902,13,15.0000,8,8.0000,0,4.8,4.8000,0,,,,1.6,1.6000,0,4,4.0000,,,,,,,,,,,,,,,,,,,,,,
2730030007,2730030,27,601,03,2007,2007,7,101358,11,1.0000,8.3,8.3000,0,9.2,9.2000,0,,,,4.8,4.8000,0,4,4.0000,,,,,,,,,,,,,,,,,,,,,,
2730080009,2730080,27,601,55,2007,2007,12,120918,11,1.0000,8,8.0000,,7.6,7.6000,,0.8,0.8000,,3.4,3.4000,,1,1.0000,,,,,,,,,,,,,,,,,,,,,,
2730080010,2730080,27,601,55,2007,2008,1,100915,11,1.0000,7.9,7.9000,,7.8,7.8000,,0.6,0.6000,,4.1,4.1000,,1,1.0000,,,,,,,,,,,,,,,,,,,,,,
2730080011,2730080,27,601,55,2007,2008,2,070943,11,1.0000,8.3,8.3000,,12,12.0000,,3.1,3.1000,,6,6.0000,,6,6.0000,,,,,,,,,,,,,,,,,,,,,,
2730200018,2730200,27,605,01,2007,2007,12,060911,13,18.4000,8.1,8.1000,0,8.2,8.2000,0,,,,1.8,1.8000,0,2,2.0000,,,,,,,,,,,,,,,,,,,,,,
2730200019,2730200,27,605,01,2007,2008,1,220911,11,1.0000,8.2,8.2000,0,9.4,9.4000,0,,,,1.9,1.9000,0,6,6.0000,,13,13.0000,0,ND,0.0000,0,,,,,,,,,,,,,,,
2730200020,2730200,27,605,01,2007,2008,1,220911,13,18.6000,8.2,8.2000,0,9.4,9.4000,0,,,,1.9,1.9000,0,13,13.0000,,,,,,,,,,,,,,,,,,,,,,
2730150010,2730150,27,602,03,2007,2007,8,071318,13,13.4000,8,8.0000,0,3,3.0000,1,,,,1.8,1.8000,0,2,2.0000,,,,,,,,,,,,,,,,,,,,,,
2730150011,2730150,27,602,03,2007,2007,9,041120,11,1.0000,8.6,8.6000,1,12,12.0000,0,,,,6.8,6.8000,1,4,4.0000,,,,,ND,0.0000,0,,,,,,,,,,,,,,,
2730200014,2730200,27,605,01,2007,2007,10,020930,13,18.5000,8.3,8.3000,0,6,6.0000,1,,,,1.8,1.8000,0,6,6.0000,,,,,,,,,,,,,,,,,,,,,,
2730200015,2730200,27,605,01,2007,2007,11,060950,11,1.0000,8.2,8.2000,0,7.3,7.3000,1,,,,1.7,1.7000,0,2,2.0000,,2,2.0000,0,ND,0.0000,0,,,,,,,,,,,,,,,
2730200016,2730200,27,605,01,2007,2007,11,060950,13,18.0000,8.2,8.2000,0,6.9,6.9000,1,,,,1.6,1.6000,0,3,3.0000,,,,,,,,,,,,,,,,,,,,,,
2730200017,2730200,27,605,01,2007,2007,12,060911,11,1.0000,8.1,8.1000,0,8.1,8.1000,0,,,,1.9,1.9000,0,2,2.0000,,<1.8,0.0000,0,ND,0.0000,0,,,,,,,,,,,,,,,
2730180009,2730180,27,604,01,2007,2007,8,070915,11,1.0000,8.3,8.3000,0,9.4,9.4000,0,,,,3.3,3.3000,1,2,2.0000,,<1.8,0.0000,0,ND,0.0000,0,,,,,,,,,,,,,,,
2730180010,2730180,27,604,01,2007,2007,8,070915,13,15.0000,8.1,8.1000,0,6.7,6.7000,1,,,,2,2.0000,0,2,2.0000,,,,,,,,,,,,,,,,,,,,,,
2730180011,2730180,27,604,01,2007,2007,9,040845,11,1.0000,8.4,8.4000,1,8.9,8.9000,0,,,,4.1,4.1000,1,2,2.0000,,17,17.0000,0,ND,0.0000,0,,,,,,,,,,,,,,,
2730030008,2730030,27,601,03,2007,2007,7,101358,13,15.5000,8,8.0000,0,0.6,0.6000,1,,,,3,3.0000,0,1,1.0000,,,,,,,,,,,,,,,,,,,,,,
2730030009,2730030,27,601,03,2007,2007,8,071222,11,1.0000,8.4,8.4000,1,9.6,9.6000,0,,,,2.9,2.9000,0,2,2.0000,,,,,ND,0.0000,,,,,,,,,,,,,,,,
2730030010,2730030,27,601,03,2007,2007,8,071222,13,15.0000,7.8,7.8000,0,1.3,1.3000,1,,,,2,2.0000,0,3,3.0000,,,,,,,,,,,,,,,,,,,,,,
2730030011,2730030,27,601,03,2007,2007,9,041100,11,1.0000,8.6,8.6000,1,12,12.0000,0,,,,7.3,7.3000,0,4,4.0000,,,,,,,,,,,,,,,,,,,,,,
2730030012,2730030,27,601,03,2007,2007,9,041100,13,15.0000,7.8,7.8000,0,0.7,0.7000,1,,,,2,2.0000,0,2,2.0000,,,,,,,,,,,,,,,,,,,,,,
2730030013,2730030,27,601,03,2007,2007,10,021450,11,1.0000,8.2,8.2000,0,5,5.0000,0,,,,1.9,1.9000,0,2,2.0000,,,,,,,,,,,,,,,,,,,,,,
2730030014,2730030,27,601,03,2007,2007,10,021450,13,15.4000,8.2,8.2000,0,4.5,4.5000,0,,,,1.8,1.8000,0,4,4.0000,,,,,,,,,,,,,,,,,,,,,,
2730030015,2730030,27,601,03,2007,2007,11,061125,11,1.0000,8.2,8.2000,0,7.4,7.4000,0,,,,1.9,1.9000,0,3,3.0000,,,,,,,,,,,,,,,,,,,,,,
2730030016,2730030,27,601,03,2007,2007,11,061125,13,15.2000,8.2,8.2000,0,3.8,3.8000,0,,,,1.8,1.8000,0,2,2.0000,,,,,,,,,,,,,,,,,,,,,,
2730030017,2730030,27,601,03,2007,2007,12,061135,11,1.0000,8.1,8.1000,0,8.3,8.3000,0,,,,2,2.0000,0,1,1.0000,,,,,,,,,,,,,,,,,,,,,,
2730030018,2730030,27,601,03,2007,2007,12,061135,13,15.0000,8.1,8.1000,0,8.2,8.2000,0,,,,2.2,2.2000,0,2,2.0000,,,,,,,,,,,,,,,,,,,,,,
2730030019,2730030,27,601,03,2007,2008,1,221345,11,1.0000,8.2,8.2000,0,9.3,9.3000,0,,,,1.8,1.8000,0,2,2.0000,,,,,,,,,,,,,,,,,,,,,,
2730030020,2730030,27,601,03,2007,2008,1,221345,13,15.5000,8.2,8.2000,0,9,9.0000,0,,,,1.7,1.7000,0,3,3.0000,,,,,,,,,,,,,,,,,,,,,,
2730030021,2730030,27,601,03,2007,2008,2,151041,11,1.0000,8.4,8.4000,1,12,12.0000,0,,,,3.6,3.6000,0,4,4.0000,,,,,ND,0.0000,,,,,,,,,,,,,,,,
2730030022,2730030,27,601,03,2007,2008,2,151041,13,15.0000,8.3,8.3000,0,10,10.0000,0,,,,2.3,2.3000,0,6,6.0000,,,,,,,,,,,,,,,,,,,,,,
2730030023,2730030,27,601,03,2007,2008,3,041106,11,1.0000,8.2,8.2000,0,10,10.0000,0,,,,2.7,2.7000,0,3,3.0000,,,,,,,,,,,,,,,,,,,,,,
2730030024,2730030,27,601,03,2007,2008,3,041106,13,14.8000,8.2,8.2000,0,9.4,9.4000,0,,,,1.5,1.5000,0,4,4.0000,,,,,,,,,,,,,,,,,,,,,,
2730040001,2730040,27,601,51,2007,2007,4,040959,11,1.0000,8.2,8.2000,,8.8,8.8000,,1.9,1.9000,,4.1,4.1000,,3,3.0000,,,,,,,,,,,,,,,,,,,,,,
2730040002,2730040,27,601,51,2007,2007,5,170958,11,1.0000,7.9,7.9000,,7.5,7.5000,,1.4,1.4000,,4.6,4.6000,,2,2.0000,,,,,,,,,,,,,,,,,,,,,,
2730040003,2730040,27,601,51,2007,2007,6,060949,11,1.0000,8.2,8.2000,,9.8,9.8000,,2.1,2.1000,,6.7,6.7000,,4,4.0000,,,,,,,,,,,,,,,,,,,,,,
2730040004,2730040,27,601,51,2007,2007,7,201001,11,1.0000,7.9,7.9000,,8.5,8.5000,,1.8,1.8000,,6,6.0000,,8,8.0000,,,,,,,,,,,,,,,,,,,,,,
2730040005,2730040,27,601,51,2007,2007,8,021141,11,1.0000,8.2,8.2000,,8.9,8.9000,,4.1,4.1000,,5.8,5.8000,,7,7.0000,,,,,,,,,,,,,,,,,,,,,,
2730040006,2730040,27,601,51,2007,2007,9,131043,11,1.0000,7.8,7.8000,,5.1,5.1000,,1.5,1.5000,,3.9,3.9000,,2,2.0000,,,,,,,,,,,,,,,,,,,,,,
2730040007,2730040,27,601,51,2007,2007,10,111015,11,1.0000,7.8,7.8000,,5.6,5.6000,,0.6,0.6000,,3.3,3.3000,,<1,0.0000,,,,,,,,,,,,,,,,,,,,,,
2730040008,2730040,27,601,51,2007,2007,11,081020,11,1.0000,8.1,8.1000,,6.5,6.5000,,0.6,0.6000,,2.8,2.8000,,1,1.0000,,,,,,,,,,,,,,,,,,,,,,
2730040009,2730040,27,601,51,2007,2007,12,120956,11,1.0000,8,8.0000,,8,8.0000,,1,1.0000,,3.4,3.4000,,2,2.0000,,,,,,,,,,,,,,,,,,,,,,
2730040010,2730040,27,601,51,2007,2008,1,100952,11,1.0000,7.9,7.9000,,7.9,7.9000,,0.6,0.6000,,3.3,3.3000,,<1,0.0000,,,,,,,,,,,,,,,,,,,,,,
2730040011,2730040,27,601,51,2007,2008,2,071030,11,1.0000,8.1,8.1000,,10,10.0000,,1.1,1.1000,,4.3,4.3000,,2,2.0000,,,,,,,,,,,,,,,,,,,,,,
2730040012,2730040,27,601,51,2007,2008,3,071006,11,1.0000,7.7,7.7000,,8.5,8.5000,,0.7,0.7000,,4.5,4.5000,,2,2.0000,,,,,,,,,,,,,,,,,,,,,,
2730050001,2730050,27,601,52,2007,2007,4,040830,11,1.0000,8.2,8.2000,,8.6,8.6000,,2.2,2.2000,,4.1,4.1000,,2,2.0000,,,,,,,,,,,,,,,,,,,,,,
2730050002,2730050,27,601,52,2007,2007,5,170829,11,1.0000,8.1,8.1000,,7.1,7.1000,,2.2,2.2000,,4.6,4.6000,,3,3.0000,,,,,,,,,,,,,,,,,,,,,,
2730010001,2730010,27,601,01,2007,2007,4,241036,11,1.0000,8.2,8.2000,0,8.6,8.6000,0,,,,3.5,3.5000,0,4,4.0000,,,,,,,,,,,,,,,,,,,,,,
2730010002,2730010,27,601,01,2007,2007,4,241036,13,12.5000,8.1,8.1000,0,6.6,6.6000,0,,,,2.5,2.5000,0,9,9.0000,,,,,,,,,,,,,,,,,,,,,,
2730010003,2730010,27,601,01,2007,2007,5,221145,11,1.0000,8.4,8.4000,1,10,10.0000,0,,,,2.8,2.8000,0,4,4.0000,,,,,,,,,,,,,,,,,,,,,,
2730010004,2730010,27,601,01,2007,2007,5,221145,13,12.2000,8.2,8.2000,0,5.8,5.8000,0,,,,1.9,1.9000,0,3,3.0000,,,,,,,,,,,,,,,,,,,,,,
2730010005,2730010,27,601,01,2007,2007,6,051145,11,1.0000,8.3,8.3000,0,9.1,9.1000,0,,,,4,4.0000,0,4,4.0000,,,,,,,,,,,,,,,,,,,,,,
2730010006,2730010,27,601,01,2007,2007,6,051145,13,12.5000,8.1,8.1000,0,5.9,5.9000,0,,,,2,2.0000,0,6,6.0000,,,,,,,,,,,,,,,,,,,,,,
2730010007,2730010,27,601,01,2007,2007,7,101103,11,1.0000,8.2,8.2000,0,7.5,7.5000,0,,,,4.2,4.2000,0,4,4.0000,,,,,,,,,,,,,,,,,,,,,,
2730010008,2730010,27,601,01,2007,2007,7,101103,13,12.6000,8.1,8.1000,0,2.3,2.3000,0,,,,2.5,2.5000,0,3,3.0000,,,,,,,,,,,,,,,,,,,,,,
2730010009,2730010,27,601,01,2007,2007,8,071200,11,1.0000,8.7,8.7000,1,14,14.0000,0,,,,5.9,5.9000,0,9,9.0000,,,,,ND,0.0000,,,,,,,,,,,,,,,,
2730010010,2730010,27,601,01,2007,2007,8,071200,13,12.2000,7.9,7.9000,0,2.8,2.8000,0,,,,2,2.0000,0,4,4.0000,,,,,,,,,,,,,,,,,,,,,,
2730010011,2730010,27,601,01,2007,2007,9,040950,11,1.0000,8.2,8.2000,0,7.5,7.5000,0,,,,5.3,5.3000,0,4,4.0000,,,,,,,,,,,,,,,,,,,,,,
2730170023,2730170,27,603,02,2007,2008,3,041223,11,1.0000,8.3,8.3000,0,11,11.0000,0,,,,2.3,2.3000,1,3,3.0000,,2,2.0000,0,ND,0.0000,0,,,,,,,,,,,,,,,
2730170024,2730170,27,603,02,2007,2008,3,041223,13,12.8000,8.3,8.3000,0,10,10.0000,0,,,,2,2.0000,0,4,4.0000,,,,,,,,,,,,,,,,,,,,,,
2730180001,2730180,27,604,01,2007,2007,4,240902,11,1.0000,8.3,8.3000,0,9.2,9.2000,0,,,,2.9,2.9000,1,2,2.0000,,<1.8,0.0000,0,ND,0.0000,0,,,,,,,,,,,,,,,
2730180002,2730180,27,604,01,2007,2007,4,240902,13,16.0000,8.2,8.2000,0,8,8.0000,0,,,,2.2,2.2000,1,3,3.0000,,,,,,,,,,,,,,,,,,,,,,
2730180003,2730180,27,604,01,2007,2007,5,221343,11,1.0000,8.6,8.6000,1,13,13.0000,0,,,,3.6,3.6000,1,4,4.0000,,2,2.0000,0,ND,0.0000,0,,,,,,,,,,,,,,,
2730180004,2730180,27,604,01,2007,2007,5,221343,13,15.4000,8.3,8.3000,0,7.7,7.7000,0,,,,1.7,1.7000,0,3,3.0000,,,,,,,,,,,,,,,,,,,,,,
2730180005,2730180,27,604,01,2007,2007,6,051343,11,1.0000,8.3,8.3000,0,8.5,8.5000,0,,,,2.6,2.6000,1,2,2.0000,,<1.8,0.0000,0,ND,0.0000,0,,,,,,,,,,,,,,,
2730180006,2730180,27,604,01,2007,2007,6,051343,13,15.7000,8.2,8.2000,0,7.7,7.7000,0,,,,1.7,1.7000,0,2,2.0000,,,,,,,,,,,,,,,,,,,,,,
2730180007,2730180,27,604,01,2007,2007,7,100857,11,1.0000,8.5,8.5000,1,9.1,9.1000,0,,,,3.3,3.3000,1,2,2.0000,,2,2.0000,0,ND,0.0000,0,,,,,,,,,,,,,,,
2730180008,2730180,27,604,01,2007,2007,7,100857,13,15.5000,8.2,8.2000,0,6.4,6.4000,1,,,,2.1,2.1000,1,2,2.0000,,,,,,,,,,,,,,,,,,,,,,
2730180012,2730180,27,604,01,2007,2007,9,040845,13,15.6000,8.1,8.1000,0,5.5,5.5000,1,,,,1.9,1.9000,0,3,3.0000,,,,,,,,,,,,,,,,,,,,,,
2730190001,2730190,27,604,02,2007,2007,4,241116,11,1.0000,8.2,8.2000,0,8.5,8.5000,0,,,,2.1,2.1000,1,2,2.0000,,<1.8,0.0000,0,ND,0.0000,0,,,,,,,,,,,,,,,
2730190002,2730190,27,604,02,2007,2007,4,241116,13,12.8000,8.2,8.2000,0,8.4,8.4000,0,,,,1.9,1.9000,0,5,5.0000,,,,,,,,,,,,,,,,,,,,,,
2730190003,2730190,27,604,02,2007,2007,5,221256,11,1.0000,8.5,8.5000,1,11,11.0000,0,,,,3.4,3.4000,1,3,3.0000,,7,7.0000,0,ND,0.0000,0,,,,,,,,,,,,,,,
2730010022,2730010,27,601,01,2007,2008,2,151207,13,12.0000,8.2,8.2000,0,9.2,9.2000,0,,,,2.6,2.6000,0,6,6.0000,,,,,,,,,,,,,,,,,,,,,,
2730010023,2730010,27,601,01,2007,2008,3,040950,11,1.0000,8.2,8.2000,0,11,11.0000,0,,,,3.1,3.1000,0,3,3.0000,,,,,,,,,,,,,,,,,,,,,,
2730010024,2730010,27,601,01,2007,2008,3,040950,13,12.5000,8.1,8.1000,0,7.6,7.6000,0,,,,2.3,2.3000,0,5,5.0000,,,,,,,,,,,,,,,,,,,,,,
2730020001,2730020,27,601,02,2007,2007,4,241104,11,1.0000,8.3,8.3000,0,8.7,8.7000,0,,,,2.6,2.6000,0,2,2.0000,,,,,,,,,,,,,,,,,,,,,,
2730020002,2730020,27,601,02,2007,2007,4,241104,13,10.5000,8.2,8.2000,0,6.5,6.5000,0,,,,2.3,2.3000,0,3,3.0000,,,,,,,,,,,,,,,,,,,,,,
2730200021,2730200,27,605,01,2007,2008,2,150858,11,1.0000,8.2,8.2000,0,11,11.0000,0,,,,3,3.0000,1,3,3.0000,,<1.8,0.0000,0,ND,0.0000,0,,,,,,,,,,,,,,,
2730200022,2730200,27,605,01,2007,2008,2,150858,13,18.5000,8.2,8.2000,0,11,11.0000,0,,,,2.4,2.4000,1,3,3.0000,,,,,,,,,,,,,,,,,,,,,,
2730200023,2730200,27,605,01,2007,2008,3,040930,11,1.0000,8.2,8.2000,0,10,10.0000,0,,,,2.8,2.8000,1,3,3.0000,,<1.8,0.0000,0,ND,0.0000,0,,,,,,,,,,,,,,,
2730200024,2730200,27,605,01,2007,2008,3,040930,13,18.4000,8.2,8.2000,0,9.7,9.7000,0,,,,2.3,2.3000,1,3,3.0000,,,,,,,,,,,,,,,,,,,,,,
2730210001,2730210,27,605,02,2007,2007,4,241010,11,1.0000,8.2,8.2000,0,8.1,8.1000,0,,,,2.2,2.2000,1,2,2.0000,,<1.8,0.0000,0,ND,0.0000,0,,,,,,,,,,,,,,,
2730210002,2730210,27,605,02,2007,2007,4,241010,13,39.5000,8.2,8.2000,0,7.9,7.9000,0,,,,1.9,1.9000,0,1,1.0000,,,,,,,,,,,,,,,,,,,,,,
2730210003,2730210,27,605,02,2007,2007,5,221130,11,1.0000,8.4,8.4000,1,9.3,9.3000,0,,,,2.5,2.5000,1,3,3.0000,,<1.8,0.0000,0,ND,0.0000,0,,,,,,,,,,,,,,,
2730210004,2730210,27,605,02,2007,2007,5,221130,13,40.3000,8.2,8.2000,0,7.4,7.4000,1,,,,1.7,1.7000,0,3,3.0000,,,,,,,,,,,,,,,,,,,,,,
2730210005,2730210,27,605,02,2007,2007,6,051130,11,1.0000,8.3,8.3000,0,8.4,8.4000,0,,,,2.5,2.5000,1,1,1.0000,,<1.8,0.0000,0,ND,0.0000,0,,,,,,,,,,,,,,,
2730210006,2730210,27,605,02,2007,2007,6,051130,13,39.5000,8.2,8.2000,0,7.5,7.5000,0,,,,1.7,1.7000,0,1,1.0000,,,,,,,,,,,,,,,,,,,,,,
2730210007,2730210,27,605,02,2007,2007,7,101246,11,1.0000,8.4,8.4000,1,8.7,8.7000,0,,,,2.4,2.4000,1,2,2.0000,,7.8,7.8000,0,ND,0.0000,0,,,,,,,,,,,,,,,
2730210008,2730210,27,605,02,2007,2007,7,101246,13,39.1000,8.1,8.1000,0,6.2,6.2000,1,,,,2.1,2.1000,1,2,2.0000,,,,,,,,,,,,,,,,,,,,,,
2730210009,2730210,27,605,02,2007,2007,8,071024,11,1.0000,8.2,8.2000,0,7.9,7.9000,0,,,,2.3,2.3000,1,1,1.0000,,<1.8,0.0000,0,ND,0.0000,0,,,,,,,,,,,,,,,
2730210010,2730210,27,605,02,2007,2007,8,071024,13,38.9000,8.2,8.2000,0,6.9,6.9000,1,,,,1.7,1.7000,0,1,1.0000,,,,,,,,,,,,,,,,,,,,,,
2730210011,2730210,27,605,02,2007,2007,9,041001,11,1.0000,8.4,8.4000,1,9.9,9.9000,0,,,,4.3,4.3000,1,2,2.0000,,2,2.0000,0,ND,0.0000,0,,,,,,,,,,,,,,,
2730210012,2730210,27,605,02,2007,2007,9,041001,13,40.0000,8.1,8.1000,0,5.9,5.9000,1,,,,2.1,2.1000,1,3,3.0000,,,,,,,,,,,,,,,,,,,,,,
2730210013,2730210,27,605,02,2007,2007,10,021236,11,1.0000,8.3,8.3000,0,6.1,6.1000,1,,,,1.8,1.8000,0,2,2.0000,,<1.8,0.0000,0,ND,0.0000,0,,,,,,,,,,,,,,,
2730210014,2730210,27,605,02,2007,2007,10,021236,13,39.5000,8.3,8.3000,0,6.1,6.1000,1,,,,1.9,1.9000,0,4,4.0000,,,,,,,,,,,,,,,,,,,,,,
2730210015,2730210,27,605,02,2007,2007,11,061030,11,1.0000,8.3,8.3000,0,7.5,7.5000,0,,,,1.6,1.6000,0,2,2.0000,,<1.8,0.0000,0,ND,0.0000,0,,,,,,,,,,,,,,,
2730210016,2730210,27,605,02,2007,2007,11,061030,13,39.0000,8.2,8.2000,0,7.1,7.1000,1,,,,1.4,1.4000,0,2,2.0000,,,,,,,,,,,,,,,,,,,,,,
2730210017,2730210,27,605,02,2007,2007,12,060944,11,1.0000,8.2,8.2000,0,7.9,7.9000,0,,,,1.8,1.8000,0,2,2.0000,,<1.8,0.0000,0,ND,0.0000,0,,,,,,,,,,,,,,,
2730210018,2730210,27,605,02,2007,2007,12,060944,13,39.5000,8.2,8.2000,0,7.8,7.8000,0,,,,1.7,1.7000,0,3,3.0000,,,,,,,,,,,,,,,,,,,,,,
2730210019,2730210,27,605,02,2007,2008,1,221342,11,1.0000,8.2,8.2000,0,9.4,9.4000,0,,,,1.8,1.8000,0,3,3.0000,,4,4.0000,0,ND,0.0000,0,,,,,,,,,,,,,,,
2730210020,2730210,27,605,02,2007,2008,1,221342,13,39.5000,8.2,8.2000,0,9,9.0000,0,,,,1.7,1.7000,0,3,3.0000,,,,,,,,,,,,,,,,,,,,,,
2730210021,2730210,27,605,02,2007,2008,2,151020,11,1.0000,8.2,8.2000,0,9.8,9.8000,0,,,,1.8,1.8000,0,3,3.0000,,<1.8,0.0000,0,ND,0.0000,0,,,,,,,,,,,,,,,
2730210022,2730210,27,605,02,2007,2008,2,151020,13,40.0000,8.2,8.2000,0,9.7,9.7000,0,,,,1.6,1.6000,0,3,3.0000,,,,,,,,,,,,,,,,,,,,,,
2730210023,2730210,27,605,02,2007,2008,3,041013,11,1.0000,8.2,8.2000,0,9.7,9.7000,0,,,,1.9,1.9000,0,2,2.0000,,<1.8,0.0000,0,ND,0.0000,0,,,,,,,,,,,,,,,
2730210024,2730210,27,605,02,2007,2008,3,041013,13,39.6000,8.2,8.2000,0,9.6,9.6000,0,,,,1.6,1.6000,0,1,1.0000,,,,,,,,,,,,,,,,,,,,,,
2730220001,2730220,27,606,01,2007,2007,4,241134,11,1.0000,8.2,8.2000,0,7.8,7.8000,0,,,,2.2,2.2000,0,,,,,,,,,,,,,,,,,,,,,,,,
2730220002,2730220,27,606,01,2007,2007,5,221315,11,1.0000,8.3,8.3000,0,9.1,9.1000,0,,,,1.9,1.9000,0,,,,,,,,,,,,,,,,,,,,,,,,
2730220003,2730220,27,606,01,2007,2007,6,051315,11,1.0000,8.3,8.3000,0,7.4,7.4000,0,,,,2.3,2.3000,0,,,,,,,,,,,,,,,,,,,,,,,,
2730220004,2730220,27,606,01,2007,2007,7,101426,11,1.0000,8.2,8.2000,0,4.6,4.6000,0,,,,4.1,4.1000,0,,,,,,,,,,,,,,,,,,,,,,,,
2730220005,2730220,27,606,01,2007,2007,8,071341,11,1.0000,8.2,8.2000,0,9,9.0000,0,,,,3.6,3.6000,0,,,,,,,ND,0.0000,,,,,,,,,,,,,,,,
2730220006,2730220,27,606,01,2007,2007,9,041132,11,1.0000,8.2,8.2000,0,8.4,8.4000,0,,,,4.4,4.4000,0,,,,,,,,,,,,,,,,,,,,,,,,
2730220007,2730220,27,606,01,2007,2007,10,021433,11,1.0000,8.1,8.1000,0,5.3,5.3000,0,,,,2.2,2.2000,0,,,,,,,,,,,,,,,,,,,,,,,,
2730230009,2730230,27,607,01,2007,2007,12,061030,11,1.0000,8.2,8.2000,0,8.3,8.3000,0,,,,1.7,1.7000,0,,,,,,,,,,,,,,,,,,,,,,,,
2730230010,2730230,27,607,01,2007,2008,1,221434,11,1.0000,8.2,8.2000,0,9.8,9.8000,0,,,,1.7,1.7000,0,,,,,,,,,,,,,,,,,,,,,,,,
2730200012,2730200,27,605,01,2007,2007,9,040919,13,18.3000,8.1,8.1000,0,5.6,5.6000,1,,,,1.8,1.8000,0,4,4.0000,,,,,,,,,,,,,,,,,,,,,,
2730200013,2730200,27,605,01,2007,2007,10,020930,11,1.0000,8,8.0000,0,6.1,6.1000,1,,,,2.4,2.4000,1,2,2.0000,,33,33.0000,0,ND,0.0000,0,,,,,,,,,,,,,,,
2730140017,2730140,27,602,02,2007,2007,12,061111,11,1.0000,8.1,8.1000,0,8.2,8.2000,0,,,,2,2.0000,0,2,2.0000,,,,,ND,0.0000,0,,,,,,,,,,,,,,,
2730140018,2730140,27,602,02,2007,2007,12,061111,13,13.2000,8.1,8.1000,0,8.2,8.2000,0,,,,1.7,1.7000,0,2,2.0000,,,,,,,,,,,,,,,,,,,,,,
2730140019,2730140,27,602,02,2007,2008,1,221325,11,1.0000,8.2,8.2000,0,9.4,9.4000,0,,,,1.8,1.8000,0,2,2.0000,,,,,ND,0.0000,0,,,,,,,,,,,,,,,
2730140020,2730140,27,602,02,2007,2008,1,221325,13,13.4000,8.2,8.2000,0,8.8,8.8000,0,,,,1.6,1.6000,0,5,5.0000,,,,,,,,,,,,,,,,,,,,,,
2730140021,2730140,27,602,02,2007,2008,2,151005,11,1.0000,8.3,8.3000,0,12,12.0000,0,,,,3,3.0000,0,4,4.0000,,,,,ND,0.0000,0,,,,,,,,,,,,,,,
2730140022,2730140,27,602,02,2007,2008,2,151005,13,13.0000,8.3,8.3000,0,11,11.0000,0,,,,2.1,2.1000,0,4,4.0000,,,,,,,,,,,,,,,,,,,,,,
2730140023,2730140,27,602,02,2007,2008,3,041044,11,1.0000,8.3,8.3000,0,11,11.0000,0,,,,3,3.0000,0,3,3.0000,,,,,ND,0.0000,0,,,,,,,,,,,,,,,
2730140024,2730140,27,602,02,2007,2008,3,041044,13,13.0000,8.3,8.3000,0,9.2,9.2000,0,,,,2.4,2.4000,0,3,3.0000,,,,,,,,,,,,,,,,,,,,,,
2730150001,2730150,27,602,03,2007,2007,4,240850,11,1.0000,8.2,8.2000,0,8.3,8.3000,0,,,,2.1,2.1000,0,2,2.0000,,,,,ND,0.0000,0,,,,,,,,,,,,,,,
2730150002,2730150,27,602,03,2007,2007,4,240850,13,13.5000,8.2,8.2000,0,7.4,7.4000,0,,,,2,2.0000,0,5,5.0000,,,,,,,,,,,,,,,,,,,,,,
2730180013,2730180,27,604,01,2007,2007,10,020905,11,1.0000,8.3,8.3000,0,6.3,6.3000,1,,,,1.9,1.9000,0,2,2.0000,,70,70.0000,0,ND,0.0000,0,,,,,,,,,,,,,,,
2730180014,2730180,27,604,01,2007,2007,10,020905,13,15.5000,8.3,8.3000,0,6.1,6.1000,1,,,,2,2.0000,0,2,2.0000,,,,,,,,,,,,,,,,,,,,,,
2730180015,2730180,27,604,01,2007,2007,11,060915,11,1.0000,8.3,8.3000,0,7.8,7.8000,0,,,,1.6,1.6000,0,2,2.0000,,<1.8,0.0000,0,ND,0.0000,0,,,,,,,,,,,,,,,
2730180016,2730180,27,604,01,2007,2007,11,060915,13,15.4000,8.2,8.2000,0,7.1,7.1000,1,,,,1.9,1.9000,0,2,2.0000,,,,,,,,,,,,,,,,,,,,,,
2730180017,2730180,27,604,01,2007,2007,12,060840,11,1.0000,8.1,8.1000,0,8.2,8.2000,0,,,,1.7,1.7000,0,1,1.0000,,<1.8,0.0000,0,ND,0.0000,0,,,,,,,,,,,,,,,
2730180018,2730180,27,604,01,2007,2007,12,060840,13,15.4000,8.1,8.1000,0,8.1,8.1000,0,,,,1.8,1.8000,0,1,1.0000,,,,,,,,,,,,,,,,,,,,,,
2730180019,2730180,27,604,01,2007,2008,1,220850,11,1.0000,8.2,8.2000,0,9.2,9.2000,0,,,,1.9,1.9000,0,2,2.0000,,4.5,4.5000,0,ND,0.0000,0,,,,,,,,,,,,,,,
2730180020,2730180,27,604,01,2007,2008,1,220850,13,16.0000,8.2,8.2000,0,9.2,9.2000,0,,,,1.8,1.8000,0,4,4.0000,,,,,,,,,,,,,,,,,,,,,,
2730180021,2730180,27,604,01,2007,2008,2,150840,11,1.0000,8.2,8.2000,0,11,11.0000,0,,,,2.9,2.9000,1,3,3.0000,,<1.8,0.0000,0,ND,0.0000,0,,,,,,,,,,,,,,,
2730180022,2730180,27,604,01,2007,2008,2,150840,13,15.3000,8.2,8.2000,0,11,11.0000,0,,,,2.5,2.5000,1,3,3.0000,,,,,,,,,,,,,,,,,,,,,,
2730180023,2730180,27,604,01,2007,2008,3,040853,11,1.0000,8.3,8.3000,0,11,11.0000,0,,,,2.5,2.5000,1,3,3.0000,,<1.8,0.0000,0,ND,0.0000,0,,,,,,,,,,,,,,,
2730180024,2730180,27,604,01,2007,2008,3,040853,13,15.4000,8.2,8.2000,0,9.8,9.8000,0,,,,2.4,2.4000,1,2,2.0000,,,,,,,,,,,,,,,,,,,,,,
2730010012,2730010,27,601,01,2007,2007,9,040950,13,12.2000,7.9,7.9000,0,2.4,2.4000,0,,,,1.8,1.8000,0,3,3.0000,,,,,,,,,,,,,,,,,,,,,,
2730010013,2730010,27,601,01,2007,2007,10,021105,11,1.0000,8.1,8.1000,0,4.4,4.4000,0,,,,2.4,2.4000,0,2,2.0000,,,,,,,,,,,,,,,,,,,,,,
2730010014,2730010,27,601,01,2007,2007,10,021105,13,12.9000,8.1,8.1000,0,3.2,3.2000,0,,,,2.1,2.1000,0,2,2.0000,,,,,,,,,,,,,,,,,,,,,,
2730010015,2730010,27,601,01,2007,2007,11,060957,11,1.0000,8.1,8.1000,0,6.6,6.6000,0,,,,2,2.0000,0,3,3.0000,,,,,,,,,,,,,,,,,,,,,,
2730010016,2730010,27,601,01,2007,2007,11,060957,13,12.7000,8.2,8.2000,0,6.8,6.8000,0,,,,1.9,1.9000,0,3,3.0000,,,,,,,,,,,,,,,,,,,,,,
2730010017,2730010,27,601,01,2007,2007,12,061010,11,1.0000,8,8.0000,0,8.1,8.1000,0,,,,2.8,2.8000,0,2,2.0000,,,,,,,,,,,,,,,,,,,,,,
2730010018,2730010,27,601,01,2007,2007,12,061010,13,12.5000,8.1,8.1000,0,8.1,8.1000,0,,,,2.1,2.1000,0,2,2.0000,,,,,,,,,,,,,,,,,,,,,,
2730010019,2730010,27,601,01,2007,2008,1,221050,11,1.0000,8.1,8.1000,0,8.8,8.8000,0,,,,1.9,1.9000,0,2,2.0000,,,,,,,,,,,,,,,,,,,,,,
2730010020,2730010,27,601,01,2007,2008,1,221050,13,12.8000,8.2,8.2000,0,8.6,8.6000,0,,,,1.8,1.8000,0,5,5.0000,,,,,,,,,,,,,,,,,,,,,,
2730010021,2730010,27,601,01,2007,2008,2,151207,11,1.0000,8.2,8.2000,0,11,11.0000,0,,,,3.6,3.6000,0,4,4.0000,,,,,ND,0.0000,,,,,,,,,,,,,,,,
2730220008,2730220,27,606,01,2007,2007,11,061208,11,1.0000,8.1,8.1000,0,7.2,7.2000,0,,,,1.9,1.9000,0,,,,,,,,,,,,,,,,,,,,,,,,
2730220009,2730220,27,606,01,2007,2007,12,061105,11,1.0000,8,8.0000,0,8.2,8.2000,0,,,,2.4,2.4000,0,,,,,,,,,,,,,,,,,,,,,,,,
2730220010,2730220,27,606,01,2007,2008,1,221533,11,1.0000,8.1,8.1000,0,9.4,9.4000,0,,,,1.9,1.9000,0,,,,,,,,,,,,,,,,,,,,,,,,
2730220011,2730220,27,606,01,2007,2008,2,151302,11,1.0000,8.2,8.2000,0,11,11.0000,0,,,,3.2,3.2000,0,,,,,,,ND,0.0000,,,,,,,,,,,,,,,,
2730220012,2730220,27,606,01,2007,2008,3,041152,11,1.0000,8.2,8.2000,0,10,10.0000,0,,,,2.6,2.6000,0,,,,,,,,,,,,,,,,,,,,,,,,
2730230001,2730230,27,607,01,2007,2007,4,241055,11,1.0000,8.2,8.2000,0,7.8,7.8000,0,,,,1.5,1.5000,0,,,,,,,,,,,,,,,,,,,,,,,,
2730230002,2730230,27,607,01,2007,2007,5,221217,11,1.0000,8.3,8.3000,0,9,9.0000,0,,,,1.9,1.9000,0,,,,,,,,,,,,,,,,,,,,,,,,
2730230003,2730230,27,607,01,2007,2007,6,051217,11,1.0000,8.2,8.2000,0,7.4,7.4000,0,,,,2.1,2.1000,0,,,,,,,,,,,,,,,,,,,,,,,,
2730230004,2730230,27,607,01,2007,2007,7,101330,11,1.0000,8.2,8.2000,0,7.7,7.7000,0,,,,3.6,3.6000,0,,,,,,,,,,,,,,,,,,,,,,,,
2730230005,2730230,27,607,01,2007,2007,8,071324,11,1.0000,8.2,8.2000,0,8.8,8.8000,0,,,,3.5,3.5000,0,,,,,,,ND,0.0000,,,,,,,,,,,,,,,,
2730230006,2730230,27,607,01,2007,2007,9,041055,11,1.0000,8.3,8.3000,0,10,10.0000,0,,,,4.6,4.6000,0,,,,,,,,,,,,,,,,,,,,,,,,
2730230007,2730230,27,607,01,2007,2007,10,021327,11,1.0000,8.1,8.1000,0,5.2,5.2000,0,,,,1.9,1.9000,0,,,,,,,,,,,,,,,,,,,,,,,,
2730230008,2730230,27,607,01,2007,2007,11,061122,11,1.0000,8.2,8.2000,0,7.5,7.5000,0,,,,1.9,1.9000,0,,,,,,,,,,,,,,,,,,,,,,,,
2730130011,2730130,27,602,01,2007,2007,9,040925,11,1.0000,8.4,8.4000,1,8.8,8.8000,0,,,,4.4,4.4000,1,3,3.0000,,,,,ND,0.0000,0,,,,,,,,,,,,,,,
2730130012,2730130,27,602,01,2007,2007,9,040925,13,14.1000,8,8.0000,0,4.9,4.9000,1,,,,1.8,1.8000,0,1,1.0000,,,,,,,,,,,,,,,,,,,,,,
2730130013,2730130,27,602,01,2007,2007,10,021036,11,1.0000,8.1,8.1000,0,4.4,4.4000,1,,,,2.2,2.2000,0,1,1.0000,,,,,ND,0.0000,0,,,,,,,,,,,,,,,
2730130014,2730130,27,602,01,2007,2007,10,021036,13,14.7000,8.2,8.2000,0,5.2,5.2000,0,,,,1.9,1.9000,0,2,2.0000,,,,,,,,,,,,,,,,,,,,,,
2730130015,2730130,27,602,01,2007,2007,11,060928,11,1.0000,8.3,8.3000,0,7.7,7.7000,0,,,,2.3,2.3000,0,2,2.0000,,,,,ND,0.0000,0,,,,,,,,,,,,,,,
2730130016,2730130,27,602,01,2007,2007,11,060928,13,14.6000,8.2,8.2000,0,6.7,6.7000,0,,,,1.9,1.9000,0,3,3.0000,,,,,,,,,,,,,,,,,,,,,,
2730130017,2730130,27,602,01,2007,2007,12,060938,11,1.0000,8.1,8.1000,0,8.5,8.5000,0,,,,2,2.0000,0,2,2.0000,,,,,ND,0.0000,0,,,,,,,,,,,,,,,
2730130018,2730130,27,602,01,2007,2007,12,060938,13,14.7000,8.1,8.1000,0,8.4,8.4000,0,,,,2,2.0000,0,3,3.0000,,,,,,,,,,,,,,,,,,,,,,
2730130019,2730130,27,602,01,2007,2008,1,221017,11,1.0000,8.2,8.2000,0,9.3,9.3000,0,,,,2.3,2.3000,0,2,2.0000,,,,,ND,0.0000,0,,,,,,,,,,,,,,,
2730130020,2730130,27,602,01,2007,2008,1,221017,13,14.9000,8.2,8.2000,0,9.1,9.1000,0,,,,1.9,1.9000,0,3,3.0000,,,,,,,,,,,,,,,,,,,,,,
2730130021,2730130,27,602,01,2007,2008,2,151033,11,1.0000,8.2,8.2000,0,11,11.0000,0,,,,3.5,3.5000,1,3,3.0000,,,,,ND,0.0000,0,,,,,,,,,,,,,,,
2730130022,2730130,27,602,01,2007,2008,2,151033,13,14.5000,8.2,8.2000,0,10,10.0000,0,,,,2.4,2.4000,0,4,4.0000,,,,,,,,,,,,,,,,,,,,,,
2730130023,2730130,27,602,01,2007,2008,3,040924,11,1.0000,8.3,8.3000,0,11,11.0000,0,,,,3.1,3.1000,1,3,3.0000,,,,,ND,0.0000,0,,,,,,,,,,,,,,,
2730130024,2730130,27,602,01,2007,2008,3,040924,13,14.4000,8.1,8.1000,0,8.6,8.6000,0,,,,2.3,2.3000,0,3,3.0000,,,,,,,,,,,,,,,,,,,,,,
2730140001,2730140,27,602,02,2007,2007,4,240945,11,1.0000,8.2,8.2000,0,9.7,9.7000,0,,,,3,3.0000,0,3,3.0000,,,,,ND,0.0000,0,,,,,,,,,,,,,,,
2730140002,2730140,27,602,02,2007,2007,4,240945,13,13.5000,8.2,8.2000,0,7.2,7.2000,0,,,,2.3,2.3000,0,4,4.0000,,,,,,,,,,,,,,,,,,,,,,
2730140003,2730140,27,602,02,2007,2007,5,220926,11,1.0000,8.6,8.6000,1,12,12.0000,0,,,,3.5,3.5000,1,3,3.0000,,,,,ND,0.0000,0,,,,,,,,,,,,,,,
2730140004,2730140,27,602,02,2007,2007,5,220926,13,12.9000,8.2,8.2000,0,6.5,6.5000,0,,,,2.5,2.5000,0,2,2.0000,,,,,,,,,,,,,,,,,,,,,,
2730140005,2730140,27,602,02,2007,2007,6,050926,11,1.0000,8.7,8.7000,1,13,13.0000,0,,,,5.7,5.7000,1,5,5.0000,,,,,ND,0.0000,0,,,,,,,,,,,,,,,
2730140006,2730140,27,602,02,2007,2007,6,050926,13,13.0000,8.2,8.2000,0,6.2,6.2000,0,,,,1.9,1.9000,0,1,1.0000,,,,,,,,,,,,,,,,,,,,,,
2730140007,2730140,27,602,02,2007,2007,7,101337,11,1.0000,8.5,8.5000,1,10,10.0000,0,,,,4.5,4.5000,1,3,3.0000,,,,,ND,0.0000,0,,,,,,,,,,,,,,,
2730140008,2730140,27,602,02,2007,2007,7,101337,13,13.5000,8.1,8.1000,0,2.7,2.7000,1,,,,1.9,1.9000,0,2,2.0000,,,,,,,,,,,,,,,,,,,,,,
2730140009,2730140,27,602,02,2007,2007,8,071130,11,1.0000,8.6,8.6000,1,11,11.0000,0,,,,3.9,3.9000,1,3,3.0000,,,,,ND,0.0000,0,,,,,,,,,,,,,,,
2730140010,2730140,27,602,02,2007,2007,8,071130,13,13.0000,7.8,7.8000,0,4.6,4.6000,1,,,,2.1,2.1000,0,1,1.0000,,,,,,,,,,,,,,,,,,,,,,
2730140011,2730140,27,602,02,2007,2007,9,041040,11,1.0000,8.5,8.5000,1,11,11.0000,0,,,,5.8,5.8000,1,3,3.0000,,,,,ND,0.0000,0,,,,,,,,,,,,,,,
2730140012,2730140,27,602,02,2007,2007,9,041040,13,13.1000,8,8.0000,0,3.3,3.3000,1,,,,2.2,2.2000,0,3,3.0000,,,,,,,,,,,,,,,,,,,,,,
2730140013,2730140,27,602,02,2007,2007,10,021425,11,1.0000,8.2,8.2000,0,6,6.0000,0,,,,2.3,2.3000,0,1,1.0000,,,,,ND,0.0000,0,,,,,,,,,,,,,,,
2730140014,2730140,27,602,02,2007,2007,10,021425,13,13.7000,8.2,8.2000,0,4.9,4.9000,1,,,,2.3,2.3000,0,7,7.0000,,,,,,,,,,,,,,,,,,,,,,
2730140015,2730140,27,602,02,2007,2007,11,061102,11,1.0000,8.2,8.2000,0,7.3,7.3000,0,,,,1.7,1.7000,0,3,3.0000,,,,,ND,0.0000,0,,,,,,,,,,,,,,,
2730170008,2730170,27,603,02,2007,2007,7,101455,13,13.3000,8,8.0000,0,3.6,3.6000,1,,,,1.7,1.7000,0,3,3.0000,,,,,,,,,,,,,,,,,,,,,,
2730170009,2730170,27,603,02,2007,2007,8,071410,11,1.0000,8.4,8.4000,1,10,10.0000,0,,,,3.5,3.5000,1,2,2.0000,,<1.8,0.0000,0,ND,0.0000,0,,,,,,,,,,,,,,,
2730020024,2730020,27,601,02,2007,2008,3,041023,13,10.0000,8.2,8.2000,0,7.9,7.9000,0,,,,2.3,2.3000,0,4,4.0000,,,,,,,,,,,,,,,,,,,,,,
2730030001,2730030,27,601,03,2007,2007,4,241132,11,1.0000,8.3,8.3000,0,8.7,8.7000,0,,,,2.5,2.5000,0,3,3.0000,,,,,,,,,,,,,,,,,,,,,,
2730030002,2730030,27,601,03,2007,2007,4,241132,13,15.2000,8.2,8.2000,0,6.8,6.8000,0,,,,2,2.0000,0,3,3.0000,,,,,,,,,,,,,,,,,,,,,,
2730030003,2730030,27,601,03,2007,2007,5,220902,11,1.0000,8.5,8.5000,1,10,10.0000,0,,,,3.9,3.9000,0,4,4.0000,,,,,,,,,,,,,,,,,,,,,,
2730030004,2730030,27,601,03,2007,2007,5,220902,13,14.9000,8.1,8.1000,0,5.9,5.9000,0,,,,1.9,1.9000,0,2,2.0000,,,,,,,,,,,,,,,,,,,,,,
2730030005,2730030,27,601,03,2007,2007,6,050902,11,1.0000,8.4,8.4000,1,10,10.0000,0,,,,4,4.0000,0,3,3.0000,,,,,,,,,,,,,,,,,,,,,,
2730170010,2730170,27,603,02,2007,2007,8,071410,13,13.7000,8.2,8.2000,0,6,6.0000,1,,,,2.1,2.1000,1,2,2.0000,,,,,,,,,,,,,,,,,,,,,,
2730170011,2730170,27,603,02,2007,2007,9,041202,11,1.0000,8.6,8.6000,1,12,12.0000,0,,,,6.5,6.5000,1,3,3.0000,,11,11.0000,0,ND,0.0000,0,,,,,,,,,,,,,,,
2730170012,2730170,27,603,02,2007,2007,9,041202,13,13.3000,8,8.0000,0,3.9,3.9000,1,,,,1.8,1.8000,0,2,2.0000,,,,,,,,,,,,,,,,,,,,,,
2730170013,2730170,27,603,02,2007,2007,10,021505,11,1.0000,8.2,8.2000,0,5.8,5.8000,1,,,,1.9,1.9000,0,2,2.0000,,17,17.0000,0,ND,0.0000,0,,,,,,,,,,,,,,,
2730170014,2730170,27,603,02,2007,2007,10,021505,13,13.2000,8.2,8.2000,0,5.8,5.8000,1,,,,1.9,1.9000,0,3,3.0000,,,,,,,,,,,,,,,,,,,,,,
2730170015,2730170,27,603,02,2007,2007,11,060843,11,1.0000,8.2,8.2000,0,7.2,7.2000,1,,,,1.5,1.5000,0,2,2.0000,,33,33.0000,0,ND,0.0000,0,,,,,,,,,,,,,,,
2730070004,2730070,27,601,54,2007,2007,7,200916,11,1.0000,7.9,7.9000,,7.8,7.8000,,0.8,0.8000,,5.1,5.1000,,6,6.0000,,,,,,,,,,,,,,,,,,,,,,
2730070005,2730070,27,601,54,2007,2007,8,021029,11,1.0000,7.9,7.9000,,4.8,4.8000,,5.7,5.7000,,4.9,4.9000,,10,10.0000,,,,,,,,,,,,,,,,,,,,,,
2730070006,2730070,27,601,54,2007,2007,9,130957,11,1.0000,7.7,7.7000,,3.6,3.6000,,1.6,1.6000,,4.6,4.6000,,5,5.0000,,,,,,,,,,,,,,,,,,,,,,
2730070007,2730070,27,601,54,2007,2007,10,110926,11,1.0000,7.7,7.7000,,3.3,3.3000,,0.8,0.8000,,3.2,3.2000,,2,2.0000,,,,,,,,,,,,,,,,,,,,,,
2730070008,2730070,27,601,54,2007,2007,11,080925,11,1.0000,8,8.0000,,4.1,4.1000,,0.8,0.8000,,3.1,3.1000,,3,3.0000,,,,,,,,,,,,,,,,,,,,,,
2730070009,2730070,27,601,54,2007,2007,12,120909,11,1.0000,7.7,7.7000,,6.9,6.9000,,1.1,1.1000,,5.9,5.9000,,2,2.0000,,,,,,,,,,,,,,,,,,,,,,
2730070010,2730070,27,601,54,2007,2008,1,100907,11,1.0000,7.8,7.8000,,7.5,7.5000,,0.8,0.8000,,4.2,4.2000,,6,6.0000,,,,,,,,,,,,,,,,,,,,,,
2730070011,2730070,27,601,54,2007,2008,2,070931,11,1.0000,8.2,8.2000,,11,11.0000,,2.9,2.9000,,6.4,6.4000,,9,9.0000,,,,,,,,,,,,,,,,,,,,,,
2730070012,2730070,27,601,54,2007,2008,3,070915,11,1.0000,8.1,8.1000,,10,10.0000,,4.1,4.1000,,6.7,6.7000,,9,9.0000,,,,,,,,,,,,,,,,,,,,,,
2730080001,2730080,27,601,55,2007,2007,4,040921,11,1.0000,8.2,8.2000,,8.6,8.6000,,1.5,1.5000,,4,4.0000,,2,2.0000,,,,,,,,,,,,,,,,,,,,,,
2730080002,2730080,27,601,55,2007,2007,5,170923,11,1.0000,7.7,7.7000,,8.3,8.3000,,3.2,3.2000,,5.8,5.8000,,2,2.0000,,,,,,,,,,,,,,,,,,,,,,
2730080003,2730080,27,601,55,2007,2007,6,060911,11,1.0000,8,8.0000,,8.5,8.5000,,2.3,2.3000,,5.6,5.6000,,5,5.0000,,,,,,,,,,,,,,,,,,,,,,
2730080004,2730080,27,601,55,2007,2007,7,200925,11,1.0000,7.4,7.4000,,8.2,8.2000,,1,1.0000,,2.9,2.9000,,12,12.0000,,,,,,,,,,,,,,,,,,,,,,
2730080005,2730080,27,601,55,2007,2007,8,021047,11,1.0000,8.8,8.8000,,12,12.0000,,9,9.0000,,8.8,8.8000,,16,16.0000,,,,,,,,,,,,,,,,,,,,,,
2730080006,2730080,27,601,55,2007,2007,9,131006,11,1.0000,7.7,7.7000,,7.1,7.1000,,1.4,1.4000,,5.5,5.5000,,6,6.0000,,,,,,,,,,,,,,,,,,,,,,
2730080007,2730080,27,601,55,2007,2007,10,110934,11,1.0000,7.8,7.8000,,4.4,4.4000,,1.1,1.1000,,2.5,2.5000,,1,1.0000,,,,,,,,,,,,,,,,,,,,,,
2730080008,2730080,27,601,55,2007,2007,11,080936,11,1.0000,7.6,7.6000,,5.7,5.7000,,0.6,0.6000,,2.3,2.3000,,1,1.0000,,,,,,,,,,,,,,,,,,,,,,
2730080012,2730080,27,601,55,2007,2008,3,070924,11,1.0000,8.1,8.1000,,10,10.0000,,2.3,2.3000,,6,6.0000,,5,5.0000,,,,,,,,,,,,,,,,,,,,,,
2730090001,2730090,27,601,56,2007,2007,4,040816,11,1.0000,7.9,7.9000,,7.2,7.2000,,1.5,1.5000,,4.6,4.6000,,6,6.0000,,,,,,,,,,,,,,,,,,,,,,
2730090002,2730090,27,601,56,2007,2007,5,170818,11,1.0000,7.6,7.6000,,6.3,6.3000,,1.8,1.8000,,5.7,5.7000,,3,3.0000,,,,,,,,,,,,,,,,,,,,,,
2730090003,2730090,27,601,56,2007,2007,6,060805,11,1.0000,7.4,7.4000,,5.8,5.8000,,1.2,1.2000,,6.9,6.9000,,3,3.0000,,,,,,,,,,,,,,,,,,,,,,
2730130004,2730130,27,602,01,2007,2007,5,221211,13,14.0000,8.2,8.2000,0,7.2,7.2000,0,,,,1.7,1.7000,0,3,3.0000,,,,,,,,,,,,,,,,,,,,,,
2730130005,2730130,27,602,01,2007,2007,6,051211,11,1.0000,8.6,8.6000,1,13,13.0000,0,,,,5.5,5.5000,1,5,5.0000,,,,,ND,0.0000,0,,,,,,,,,,,,,,,
2730130006,2730130,27,602,01,2007,2007,6,051211,13,14.4000,8.1,8.1000,0,9.3,9.3000,0,,,,2.3,2.3000,0,3,3.0000,,,,,,,,,,,,,,,,,,,,,,
2730130007,2730130,27,602,01,2007,2007,7,101034,11,1.0000,8.6,8.6000,1,11,11.0000,0,,,,4.6,4.6000,1,5,5.0000,,,,,ND,0.0000,0,,,,,,,,,,,,,,,
2730130008,2730130,27,602,01,2007,2007,7,101034,13,14.3000,8.1,8.1000,0,6,6.0000,0,,,,2.2,2.2000,0,3,3.0000,,,,,,,,,,,,,,,,,,,,,,
2730130009,2730130,27,602,01,2007,2007,8,071408,11,1.0000,8.7,8.7000,1,13,13.0000,0,,,,5.6,5.6000,1,3,3.0000,,,,,ND,0.0000,0,,,,,,,,,,,,,,,
2730130010,2730130,27,602,01,2007,2007,8,071408,13,14.2000,8,8.0000,0,4.8,4.8000,1,,,,2.1,2.1000,0,1,1.0000,,,,,,,,,,,,,,,,,,,,,,
2730150008,2730150,27,602,03,2007,2007,7,101425,13,13.7000,8,8.0000,0,3.3,3.3000,1,,,,1.8,1.8000,0,1,1.0000,,,,,,,,,,,,,,,,,,,,,,
2730150009,2730150,27,602,03,2007,2007,8,071318,11,1.0000,8.4,8.4000,1,9.1,9.1000,0,,,,3,3.0000,0,2,2.0000,,,,,ND,0.0000,0,,,,,,,,,,,,,,,
2730150012,2730150,27,602,03,2007,2007,9,041120,13,13.5000,8,8.0000,0,3.7,3.7000,1,,,,1.8,1.8000,0,3,3.0000,,,,,,,,,,,,,,,,,,,,,,
2730150013,2730150,27,602,03,2007,2007,10,021530,11,1.0000,8.2,8.2000,0,6,6.0000,0,,,,2.1,2.1000,0,1,1.0000,,,,,ND,0.0000,0,,,,,,,,,,,,,,,
2730150014,2730150,27,602,03,2007,2007,10,021530,13,13.5000,8.2,8.2000,0,5.9,5.9000,0,,,,1.7,1.7000,0,4,4.0000,,,,,,,,,,,,,,,,,,,,,,
2730150015,2730150,27,602,03,2007,2007,11,061155,11,1.0000,8.2,8.2000,0,6.9,6.9000,0,,,,2.1,2.1000,0,2,2.0000,,,,,ND,0.0000,0,,,,,,,,,,,,,,,
2730150016,2730150,27,602,03,2007,2007,11,061155,13,13.3000,8.2,8.2000,0,7,7.0000,0,,,,1.8,1.8000,0,3,3.0000,,,,,,,,,,,,,,,,,,,,,,
2730150017,2730150,27,602,03,2007,2007,12,061201,11,1.0000,8.1,8.1000,0,8.2,8.2000,0,,,,1.9,1.9000,0,2,2.0000,,,,,ND,0.0000,0,,,,,,,,,,,,,,,
2730150018,2730150,27,602,03,2007,2007,12,061201,13,13.4000,8.1,8.1000,0,8.1,8.1000,0,,,,2,2.0000,0,1,1.0000,,,,,,,,,,,,,,,,,,,,,,
2730150019,2730150,27,602,03,2007,2008,1,221405,11,1.0000,8.2,8.2000,0,9.3,9.3000,0,,,,2.2,2.2000,0,3,3.0000,,,,,ND,0.0000,0,,,,,,,,,,,,,,,
2730150020,2730150,27,602,03,2007,2008,1,221405,13,13.8000,8.2,8.2000,0,9.1,9.1000,0,,,,1.9,1.9000,0,4,4.0000,,,,,,,,,,,,,,,,,,,,,,
2730150021,2730150,27,602,03,2007,2008,2,151118,11,1.0000,8.4,8.4000,1,12,12.0000,0,,,,3.2,3.2000,1,3,3.0000,,,,,ND,0.0000,0,,,,,,,,,,,,,,,
2730150022,2730150,27,602,03,2007,2008,2,151118,13,13.1000,8.4,8.4000,1,12,12.0000,0,,,,2.5,2.5000,0,3,3.0000,,,,,,,,,,,,,,,,,,,,,,
2730150023,2730150,27,602,03,2007,2008,3,041126,11,1.0000,8.3,8.3000,0,11,11.0000,0,,,,3,3.0000,0,3,3.0000,,,,,ND,0.0000,0,,,,,,,,,,,,,,,
2730150024,2730150,27,602,03,2007,2008,3,041126,13,13.1000,8.2,8.2000,0,9.7,9.7000,0,,,,2.6,2.6000,0,4,4.0000,,,,,,,,,,,,,,,,,,,,,,
2730160001,2730160,27,603,01,2007,2007,4,240920,11,1.0000,8.3,8.3000,0,9.9,9.9000,0,,,,3.4,3.4000,1,2,2.0000,,2,2.0000,0,ND,0.0000,0,,,,,,,,,,,,,,,
2730160002,2730160,27,603,01,2007,2007,4,240920,13,17.7000,8.2,8.2000,0,7.7,7.7000,0,,,,2.3,2.3000,1,5,5.0000,,,,,,,,,,,,,,,,,,,,,,
2730160003,2730160,27,603,01,2007,2007,5,221311,11,1.0000,8.6,8.6000,1,11,11.0000,0,,,,3.6,3.6000,1,3,3.0000,,<1.8,0.0000,0,ND,0.0000,0,,,,,,,,,,,,,,,
2730160004,2730160,27,603,01,2007,2007,5,221311,13,16.7000,8.2,8.2000,0,7.5,7.5000,0,,,,1.9,1.9000,0,2,2.0000,,,,,,,,,,,,,,,,,,,,,,
2730160005,2730160,27,603,01,2007,2007,6,051311,11,1.0000,8.6,8.6000,1,12,12.0000,0,,,,3.3,3.3000,1,3,3.0000,,<1.8,0.0000,0,ND,0.0000,0,,,,,,,,,,,,,,,
2730160006,2730160,27,603,01,2007,2007,6,051311,13,17.3000,8.2,8.2000,0,7.1,7.1000,1,,,,1.8,1.8000,0,3,3.0000,,,,,,,,,,,,,,,,,,,,,,
2730160007,2730160,27,603,01,2007,2007,7,100935,11,1.0000,8.6,8.6000,1,9.4,9.4000,0,,,,4.2,4.2000,1,3,3.0000,,4.5,4.5000,0,ND,0.0000,0,,,,,,,,,,,,,,,
2730160008,2730160,27,603,01,2007,2007,7,100935,13,17.0000,8.1,8.1000,0,5.9,5.9000,1,,,,2,2.0000,0,2,2.0000,,,,,,,,,,,,,,,,,,,,,,
2730160009,2730160,27,603,01,2007,2007,8,071030,11,1.0000,8.3,8.3000,0,8.7,8.7000,0,,,,3,3.0000,1,1,1.0000,,<1.8,0.0000,0,ND,0.0000,0,,,,,,,,,,,,,,,
2730160010,2730160,27,603,01,2007,2007,8,071030,13,16.7000,8,8.0000,0,2.4,2.4000,1,,,,2,2.0000,0,<1,0.0000,,,,,,,,,,,,,,,,,,,,,,
2730160011,2730160,27,603,01,2007,2007,9,040855,11,1.0000,8.4,8.4000,1,8.5,8.5000,0,,,,3.8,3.8000,1,2,2.0000,,33,33.0000,0,ND,0.0000,0,,,,,,,,,,,,,,,
2730140016,2730140,27,602,02,2007,2007,11,061102,13,13.1000,8.2,8.2000,0,7,7.0000,0,,,,1.9,1.9000,0,2,2.0000,,,,,,,,,,,,,,,,,,,,,,
2730020013,2730020,27,601,02,2007,2007,10,021405,11,1.0000,8.1,8.1000,0,5,5.0000,0,,,,2.6,2.6000,0,2,2.0000,,,,,,,,,,,,,,,,,,,,,,
2730020014,2730020,27,601,02,2007,2007,10,021405,13,10.5000,8.1,8.1000,0,3,3.0000,0,,,,1.9,1.9000,0,1,1.0000,,,,,,,,,,,,,,,,,,,,,,
2730020015,2730020,27,601,02,2007,2007,11,061028,11,1.0000,8.1,8.1000,0,6.3,6.3000,0,,,,2.1,2.1000,0,2,2.0000,,,,,,,,,,,,,,,,,,,,,,
2730020016,2730020,27,601,02,2007,2007,11,061028,13,10.2000,8.2,8.2000,0,6.2,6.2000,0,,,,1.9,1.9000,0,3,3.0000,,,,,,,,,,,,,,,,,,,,,,
2730020017,2730020,27,601,02,2007,2007,12,061047,11,1.0000,8.1,8.1000,0,8.2,8.2000,0,,,,2.2,2.2000,0,2,2.0000,,,,,,,,,,,,,,,,,,,,,,
2730020018,2730020,27,601,02,2007,2007,12,061047,13,10.0000,8.1,8.1000,0,8.3,8.3000,0,,,,1.8,1.8000,0,2,2.0000,,,,,,,,,,,,,,,,,,,,,,
2730020019,2730020,27,601,02,2007,2008,1,221309,11,1.0000,8.2,8.2000,0,9.1,9.1000,0,,,,1.8,1.8000,0,1,1.0000,,,,,,,,,,,,,,,,,,,,,,
2730020020,2730020,27,601,02,2007,2008,1,221309,13,10.3000,8.2,8.2000,0,8.8,8.8000,0,,,,1.8,1.8000,0,4,4.0000,,,,,,,,,,,,,,,,,,,,,,
2730020021,2730020,27,601,02,2007,2008,2,150935,11,1.0000,8.2,8.2000,0,11,11.0000,0,,,,2.9,2.9000,0,5,5.0000,,,,,ND,0.0000,,,,,,,,,,,,,,,,
2730020022,2730020,27,601,02,2007,2008,2,150935,13,10.9000,8.2,8.2000,0,11,11.0000,0,,,,2.5,2.5000,0,5,5.0000,,,,,,,,,,,,,,,,,,,,,,
2730020023,2730020,27,601,02,2007,2008,3,041023,11,1.0000,8.2,8.2000,0,10,10.0000,0,,,,2.5,2.5000,0,3,3.0000,,,,,,,,,,,,,,,,,,,,,,
2730160012,2730160,27,603,01,2007,2007,9,040855,13,16.8000,8.1,8.1000,0,5.3,5.3000,1,,,,2.1,2.1000,1,3,3.0000,,,,,,,,,,,,,,,,,,,,,,
2730160013,2730160,27,603,01,2007,2007,10,020939,11,1.0000,8.2,8.2000,0,5.9,5.9000,1,,,,2,2.0000,0,1,1.0000,,49,49.0000,0,ND,0.0000,0,,,,,,,,,,,,,,,
2730160014,2730160,27,603,01,2007,2007,10,020939,13,17.1000,8.2,8.2000,0,5.7,5.7000,1,,,,1.8,1.8000,0,4,4.0000,,,,,,,,,,,,,,,,,,,,,,
2730170002,2730170,27,603,02,2007,2007,4,241200,13,13.3000,8.2,8.2000,0,7.6,7.6000,0,,,,2.1,2.1000,1,7,7.0000,,,,,,,,,,,,,,,,,,,,,,
2730170003,2730170,27,603,02,2007,2007,5,221338,11,1.0000,8.7,8.7000,1,14,14.0000,0,,,,3.9,3.9000,1,4,4.0000,,<1.8,0.0000,0,ND,0.0000,0,,,,,,,,,,,,,,,
2730170004,2730170,27,603,02,2007,2007,5,221338,13,12.8000,8.2,8.2000,0,7.4,7.4000,1,,,,2.1,2.1000,1,2,2.0000,,,,,,,,,,,,,,,,,,,,,,
2730170005,2730170,27,603,02,2007,2007,6,051338,11,1.0000,8.4,8.4000,1,9.6,9.6000,0,,,,3.1,3.1000,1,3,3.0000,,<1.8,0.0000,0,ND,0.0000,0,,,,,,,,,,,,,,,
2730170006,2730170,27,603,02,2007,2007,6,051338,13,12.7000,8.1,8.1000,0,5.8,5.8000,1,,,,2.4,2.4000,1,2,2.0000,,,,,,,,,,,,,,,,,,,,,,
2730170007,2730170,27,603,02,2007,2007,7,101455,11,1.0000,8.5,8.5000,1,10,10.0000,0,,,,4,4.0000,1,2,2.0000,,<1.8,0.0000,0,ND,0.0000,0,,,,,,,,,,,,,,,
2730090004,2730090,27,601,56,2007,2007,7,200815,11,1.0000,7.4,7.4000,,6,6.0000,,1.9,1.9000,,5.8,5.8000,,5,5.0000,,,,,,,,,,,,,,,,,,,,,,
2730090005,2730090,27,601,56,2007,2007,8,020830,11,1.0000,7.7,7.7000,,5.4,5.4000,,1.8,1.8000,,5.6,5.6000,,3,3.0000,,,,,,,,,,,,,,,,,,,,,,
2730090006,2730090,27,601,56,2007,2007,9,130846,11,1.0000,7.8,7.8000,,4.5,4.5000,,0.9,0.9000,,4.5,4.5000,,2,2.0000,,,,,,,,,,,,,,,,,,,,,,
2730090007,2730090,27,601,56,2007,2007,10,110821,11,1.0000,7.7,7.7000,,4.8,4.8000,,0.9,0.9000,,3.8,3.8000,,1,1.0000,,,,,,,,,,,,,,,,,,,,,,
2730020003,2730020,27,601,02,2007,2007,5,220950,11,1.0000,8.6,8.6000,1,12,12.0000,0,,,,4.4,4.4000,0,4,4.0000,,,,,,,,,,,,,,,,,,,,,,
2730020004,2730020,27,601,02,2007,2007,5,220950,13,10.0000,8.1,8.1000,0,6.1,6.1000,0,,,,2.3,2.3000,0,2,2.0000,,,,,,,,,,,,,,,,,,,,,,
2730020005,2730020,27,601,02,2007,2007,6,050950,11,1.0000,8.6,8.6000,1,13,13.0000,0,,,,4.7,4.7000,0,4,4.0000,,,,,,,,,,,,,,,,,,,,,,
2730020006,2730020,27,601,02,2007,2007,6,050950,13,10.2000,8.1,8.1000,0,5.2,5.2000,0,,,,1.8,1.8000,0,2,2.0000,,,,,,,,,,,,,,,,,,,,,,
2730020007,2730020,27,601,02,2007,2007,7,101249,11,1.0000,8.4,8.4000,1,9.2,9.2000,0,,,,5.5,5.5000,0,4,4.0000,,,,,,,,,,,,,,,,,,,,,,
2730020008,2730020,27,601,02,2007,2007,7,101249,13,10.3000,8,8.0000,0,0.8,0.8000,1,,,,2.7,2.7000,0,1,1.0000,,,,,,,,,,,,,,,,,,,,,,
2730020009,2730020,27,601,02,2007,2007,8,071506,11,1.0000,8.7,8.7000,1,12,12.0000,0,,,,5.4,5.4000,0,4,4.0000,,,,,ND,0.0000,,,,,,,,,,,,,,,,
2730020010,2730020,27,601,02,2007,2007,8,071506,13,10.0000,8,8.0000,0,2.5,2.5000,0,,,,2.3,2.3000,0,2,2.0000,,,,,,,,,,,,,,,,,,,,,,
2730020011,2730020,27,601,02,2007,2007,9,041020,11,1.0000,8.5,8.5000,1,11,11.0000,0,,,,6.2,6.2000,0,5,5.0000,,,,,,,,,,,,,,,,,,,,,,
2730020012,2730020,27,601,02,2007,2007,9,041020,13,10.0000,7.8,7.8000,0,0.5,0.5000,1,,,,2.3,2.3000,0,2,2.0000,,,,,,,,,,,,,,,,,,,,,,
2730190004,2730190,27,604,02,2007,2007,5,221256,13,12.3000,8.2,8.2000,0,7.5,7.5000,0,,,,2.5,2.5000,1,3,3.0000,,,,,,,,,,,,,,,,,,,,,,
2730190005,2730190,27,604,02,2007,2007,6,051256,11,1.0000,8.4,8.4000,1,9.1,9.1000,0,,,,3.3,3.3000,1,2,2.0000,,<1.8,0.0000,0,ND,0.0000,0,,,,,,,,,,,,,,,
2730190006,2730190,27,604,02,2007,2007,6,051256,13,12.1000,8.2,8.2000,0,6.5,6.5000,1,,,,1.9,1.9000,0,4,4.0000,,,,,,,,,,,,,,,,,,,,,,
2730190007,2730190,27,604,02,2007,2007,7,101407,11,1.0000,8.4,8.4000,1,9.4,9.4000,0,,,,3.7,3.7000,1,2,2.0000,,46,46.0000,0,ND,0.0000,0,,,,,,,,,,,,,,,
2730190008,2730190,27,604,02,2007,2007,7,101407,13,12.5000,8,8.0000,0,4.3,4.3000,1,,,,2,2.0000,0,3,3.0000,,,,,,,,,,,,,,,,,,,,,,
2730190009,2730190,27,604,02,2007,2007,8,071347,11,1.0000,8.3,8.3000,0,9.3,9.3000,0,,,,3.1,3.1000,1,2,2.0000,,<1.8,0.0000,0,ND,0.0000,0,,,,,,,,,,,,,,,
2730190010,2730190,27,604,02,2007,2007,8,071347,13,12.5000,8.1,8.1000,0,6.1,6.1000,1,,,,1.9,1.9000,0,4,4.0000,,,,,,,,,,,,,,,,,,,,,,
2730190011,2730190,27,604,02,2007,2007,9,041115,11,1.0000,8.4,8.4000,1,10,10.0000,0,,,,4.4,4.4000,1,2,2.0000,,13,13.0000,0,ND,0.0000,0,,,,,,,,,,,,,,,
2730190012,2730190,27,604,02,2007,2007,9,041115,13,12.4000,8,8.0000,0,4.5,4.5000,1,,,,2.2,2.2000,1,13,13.0000,,,,,,,,,,,,,,,,,,,,,,
2730190013,2730190,27,604,02,2007,2007,10,021411,11,1.0000,8.2,8.2000,0,5.7,5.7000,1,,,,1.9,1.9000,0,2,2.0000,,2.5,2.5000,0,ND,0.0000,0,,,,,,,,,,,,,,,
2730190014,2730190,27,604,02,2007,2007,10,021411,13,12.8000,8.2,8.2000,0,5,5.0000,1,,,,2,2.0000,0,6,6.0000,,,,,,,,,,,,,,,,,,,,,,
2730190015,2730190,27,604,02,2007,2007,11,061147,11,1.0000,8.2,8.2000,0,7.6,7.6000,0,,,,1.6,1.6000,0,3,3.0000,,<1.8,0.0000,0,ND,0.0000,0,,,,,,,,,,,,,,,
2730190016,2730190,27,604,02,2007,2007,11,061147,13,12.2000,8.2,8.2000,0,7.5,7.5000,0,,,,1.9,1.9000,0,2,2.0000,,,,,,,,,,,,,,,,,,,,,,
2730190017,2730190,27,604,02,2007,2007,12,061045,11,1.0000,8.1,8.1000,0,8.5,8.5000,0,,,,1.8,1.8000,0,1,1.0000,,<1.8,0.0000,0,ND,0.0000,0,,,,,,,,,,,,,,,
2730190018,2730190,27,604,02,2007,2007,12,061045,13,12.1000,8.1,8.1000,0,8.6,8.6000,0,,,,1.9,1.9000,0,2,2.0000,,,,,,,,,,,,,,,,,,,,,,
2730190019,2730190,27,604,02,2007,2008,1,221513,11,1.0000,8.2,8.2000,0,9.7,9.7000,0,,,,1.8,1.8000,0,4,4.0000,,4.5,4.5000,0,ND,0.0000,0,,,,,,,,,,,,,,,
2730190020,2730190,27,604,02,2007,2008,1,221513,13,12.2000,8.2,8.2000,0,9.5,9.5000,0,,,,1.9,1.9000,0,3,3.0000,,,,,,,,,,,,,,,,,,,,,,
2730190021,2730190,27,604,02,2007,2008,2,151222,11,1.0000,8.2,8.2000,0,11,11.0000,0,,,,3,3.0000,1,4,4.0000,,<1.8,0.0000,0,ND,0.0000,0,,,,,,,,,,,,,,,
2730190022,2730190,27,604,02,2007,2008,2,151222,13,12.4000,8.2,8.2000,0,11,11.0000,0,,,,2.5,2.5000,1,3,3.0000,,,,,,,,,,,,,,,,,,,,,,
2730190023,2730190,27,604,02,2007,2008,3,041130,11,1.0000,8.2,8.2000,0,10,10.0000,0,,,,2.5,2.5000,1,4,4.0000,,<1.8,0.0000,0,ND,0.0000,0,,,,,,,,,,,,,,,
2730190024,2730190,27,604,02,2007,2008,3,041130,13,12.0000,8.2,8.2000,0,9.7,9.7000,0,,,,2.5,2.5000,1,3,3.0000,,,,,,,,,,,,,,,,,,,,,,
2730200001,2730200,27,605,01,2007,2007,4,240936,11,1.0000,8.2,8.2000,0,8.7,8.7000,0,,,,1.9,1.9000,0,2,2.0000,,<1.8,0.0000,0,ND,0.0000,0,,,,,,,,,,,,,,,
2730200002,2730200,27,605,01,2007,2007,4,240936,13,18.7000,8.2,8.2000,0,8.1,8.1000,0,,,,1.8,1.8000,0,2,2.0000,,,,,,,,,,,,,,,,,,,,,,
2730200003,2730200,27,605,01,2007,2007,5,220910,11,1.0000,8.4,8.4000,1,9.8,9.8000,0,,,,2.1,2.1000,1,4,4.0000,,2,2.0000,0,ND,0.0000,0,,,,,,,,,,,,,,,
2730200004,2730200,27,605,01,2007,2007,5,220910,13,18.5000,8.3,8.3000,0,7.9,7.9000,0,,,,1.7,1.7000,0,4,4.0000,,,,,,,,,,,,,,,,,,,,,,
2730200005,2730200,27,605,01,2007,2007,6,050910,11,1.0000,8.3,8.3000,0,8.7,8.7000,0,,,,2.3,2.3000,1,1,1.0000,,<1.8,0.0000,0,ND,0.0000,0,,,,,,,,,,,,,,,
2730200006,2730200,27,605,01,2007,2007,6,050910,13,18.2000,8.2,8.2000,0,7.3,7.3000,1,,,,2,2.0000,0,2,2.0000,,,,,,,,,,,,,,,,,,,,,,
2730200007,2730200,27,605,01,2007,2007,7,100905,11,1.0000,8.2,8.2000,0,8.3,8.3000,0,,,,3.3,3.3000,1,1,1.0000,,2,2.0000,0,ND,0.0000,0,,,,,,,,,,,,,,,
2730200008,2730200,27,605,01,2007,2007,7,100905,13,17.7000,8.1,8.1000,0,6.2,6.2000,1,,,,1.9,1.9000,0,1,1.0000,,,,,,,,,,,,,,,,,,,,,,
2730200009,2730200,27,605,01,2007,2007,8,070908,11,1.0000,8.2,8.2000,0,9,9.0000,0,,,,2.3,2.3000,1,2,2.0000,,2,2.0000,0,ND,0.0000,0,,,,,,,,,,,,,,,
2730200010,2730200,27,605,01,2007,2007,8,070908,13,17.6000,8.1,8.1000,0,6.5,6.5000,1,,,,2.3,2.3000,1,4,4.0000,,,,,,,,,,,,,,,,,,,,,,
2730200011,2730200,27,605,01,2007,2007,9,040919,11,1.0000,8.3,8.3000,0,8.1,8.1000,0,,,,2.7,2.7000,1,2,2.0000,,11,11.0000,0,ND,0.0000,0,,,,,,,,,,,,,,,
2730150003,2730150,27,602,03,2007,2007,5,221412,11,1.0000,8.7,8.7000,1,12,12.0000,0,,,,4.2,4.2000,1,3,3.0000,,,,,ND,0.0000,0,,,,,,,,,,,,,,,
2730150004,2730150,27,602,03,2007,2007,5,221412,13,12.7000,8.1,8.1000,0,5.7,5.7000,0,,,,1.7,1.7000,0,5,5.0000,,,,,,,,,,,,,,,,,,,,,,
2730150005,2730150,27,602,03,2007,2007,6,051412,11,1.0000,8.5,8.5000,1,9.2,9.2000,0,,,,3.2,3.2000,1,2,2.0000,,,,,ND,0.0000,0,,,,,,,,,,,,,,,
2730150006,2730150,27,602,03,2007,2007,6,051412,13,13.6000,8.1,8.1000,0,6.1,6.1000,0,,,,1.5,1.5000,0,5,5.0000,,,,,,,,,,,,,,,,,,,,,,
2730150007,2730150,27,602,03,2007,2007,7,101425,11,1.0000,8.4,8.4000,1,8.9,8.9000,0,,,,3.5,3.5000,1,2,2.0000,,,,,ND,0.0000,0,,,,,,,,,,,,,,,
2730090008,2730090,27,601,56,2007,2007,11,080814,11,1.0000,8.1,8.1000,,5.4,5.4000,,0.8,0.8000,,4.5,4.5000,,1,1.0000,,,,,,,,,,,,,,,,,,,,,,
2730090009,2730090,27,601,56,2007,2007,12,120817,11,1.0000,7.7,7.7000,,7.4,7.4000,,0.9,0.9000,,5,5.0000,,3,3.0000,,,,,,,,,,,,,,,,,,,,,,
2730090010,2730090,27,601,56,2007,2008,1,100815,11,1.0000,7.7,7.7000,,8,8.0000,,0.9,0.9000,,4.6,4.6000,,2,2.0000,,,,,,,,,,,,,,,,,,,,,,
2730090011,2730090,27,601,56,2007,2008,2,070815,11,1.0000,7.6,7.6000,,9.5,9.5000,,0.7,0.7000,,5.8,5.8000,,3,3.0000,,,,,,,,,,,,,,,,,,,,,,
2730090012,2730090,27,601,56,2007,2008,3,070810,11,1.0000,7.8,7.8000,,8.8,8.8000,,1.7,1.7000,,7.2,7.2000,,5,5.0000,,,,,,,,,,,,,,,,,,,,,,
2730130001,2730130,27,602,01,2007,2007,4,241010,11,1.0000,8.3,8.3000,0,9.6,9.6000,0,,,,4.3,4.3000,1,3,3.0000,,,,,ND,0.0000,0,,,,,,,,,,,,,,,
2730130002,2730130,27,602,01,2007,2007,4,241010,13,14.8000,8.3,8.3000,0,7.2,7.2000,0,,,,2.5,2.5000,0,3,3.0000,,,,,,,,,,,,,,,,,,,,,,
2730130003,2730130,27,602,01,2007,2007,5,221211,11,1.0000,8.7,8.7000,1,14,14.0000,0,,,,4,4.0000,1,4,4.0000,,,,,ND,0.0000,0,,,,,,,,,,,,,,,
2730230011,2730230,27,607,01,2007,2008,2,151156,11,1.0000,8.3,8.3000,0,10,10.0000,0,,,,3,3.0000,0,,,,,,,ND,0.0000,,,,,,,,,,,,,,,,
2730230012,2730230,27,607,01,2007,2008,3,041105,11,1.0000,8.2,8.2000,0,9.9,9.9000,0,,,,2,2.0000,0,,,,,,,,,,,,,,,,,,,,,,,,
2730240001,2730240,27,608,01,2007,2007,4,241032,11,1.0000,8.2,8.2000,0,6.9,6.9000,0,,,,1.6,1.6000,0,,,,,,,,,,,,,,,,,,,,,,,,
2730240002,2730240,27,608,01,2007,2007,5,221157,11,1.0000,8.3,8.3000,0,8.4,8.4000,0,,,,2.3,2.3000,0,,,,,,,,,,,,,,,,,,,,,,,,
2730240003,2730240,27,608,01,2007,2007,6,051157,11,1.0000,8.3,8.3000,0,6.9,6.9000,0,,,,1.9,1.9000,0,,,,,,,,,,,,,,,,,,,,,,,,
2730240004,2730240,27,608,01,2007,2007,7,101308,11,1.0000,8.1,8.1000,0,5.7,5.7000,0,,,,2.6,2.6000,0,,,,,,,,,,,,,,,,,,,,,,,,
2730240005,2730240,27,608,01,2007,2007,8,071254,11,1.0000,7.9,7.9000,0,5.3,5.3000,0,,,,2.1,2.1000,0,,,,,,,ND,0.0000,,,,,,,,,,,,,,,,
2730240006,2730240,27,608,01,2007,2007,9,041030,11,1.0000,8.1,8.1000,0,7.9,7.9000,0,,,,2.4,2.4000,0,,,,,,,,,,,,,,,,,,,,,,,,
2730240007,2730240,27,608,01,2007,2007,10,021259,11,1.0000,8.1,8.1000,0,5.3,5.3000,0,,,,1.9,1.9000,0,,,,,,,,,,,,,,,,,,,,,,,,
2730240008,2730240,27,608,01,2007,2007,11,061057,11,1.0000,8.1,8.1000,0,6,6.0000,0,,,,1.6,1.6000,0,,,,,,,,,,,,,,,,,,,,,,,,
2730240009,2730240,27,608,01,2007,2007,12,061010,11,1.0000,8.1,8.1000,0,8,8.0000,0,,,,1.8,1.8000,0,,,,,,,,,,,,,,,,,,,,,,,,
2730240010,2730240,27,608,01,2007,2008,1,221411,11,1.0000,8.1,8.1000,0,9.3,9.3000,0,,,,1.7,1.7000,0,,,,,,,,,,,,,,,,,,,,,,,,
2730240011,2730240,27,608,01,2007,2008,2,151127,11,1.0000,8.2,8.2000,0,9.9,9.9000,0,,,,2.6,2.6000,0,,,,,,,ND,0.0000,,,,,,,,,,,,,,,,
2730240012,2730240,27,608,01,2007,2008,3,041041,11,1.0000,8.1,8.1000,0,9.5,9.5000,0,,,,1.7,1.7000,0,,,,,,,,,,,,,,,,,,,,,,,,
2730250001,2730250,27,601,71,2007,2007,5,220917,11,1.0000,8.6,8.6000,,13,13.0000,,,,,3.6,3.6000,,6,6.0000,,,,,ND,0.0000,,,,,,,,,,,,,,,,
2730250002,2730250,27,601,71,2007,2007,5,220917,13,9.7000,8,8.0000,,5.3,5.3000,,,,,1.9,1.9000,,,,,,,,,,,,,,,,,,,,,,,,,
2730250003,2730250,27,601,71,2007,2007,8,070947,11,1.0000,8.6,8.6000,,12,12.0000,,,,,4.7,4.7000,,4,4.0000,,,,,ND,0.0000,,,,,,,,,,,,,,,,
2730170016,2730170,27,603,02,2007,2007,11,060843,13,13.3000,8.2,8.2000,0,7.2,7.2000,1,,,,1.6,1.6000,0,3,3.0000,,,,,,,,,,,,,,,,,,,,,,
2730170017,2730170,27,603,02,2007,2007,12,061122,11,1.0000,8.1,8.1000,0,8.3,8.3000,0,,,,1.8,1.8000,0,2,2.0000,,<1.8,0.0000,0,ND,0.0000,0,,,,,,,,,,,,,,,
2730170018,2730170,27,603,02,2007,2007,12,061122,13,13.1000,8.1,8.1000,0,8.2,8.2000,0,,,,1.6,1.6000,0,1,1.0000,,,,,,,,,,,,,,,,,,,,,,
2730170019,2730170,27,603,02,2007,2008,1,221425,11,1.0000,8.2,8.2000,0,9.5,9.5000,0,,,,1.6,1.6000,0,3,3.0000,,4.5,4.5000,0,ND,0.0000,0,,,,,,,,,,,,,,,
2730170020,2730170,27,603,02,2007,2008,1,221425,13,13.4000,8.2,8.2000,0,9.3,9.3000,0,,,,1.7,1.7000,0,5,5.0000,,,,,,,,,,,,,,,,,,,,,,
2730170021,2730170,27,603,02,2007,2008,2,151153,11,1.0000,8.3,8.3000,0,12,12.0000,0,,,,3.1,3.1000,1,3,3.0000,,<1.8,0.0000,0,ND,0.0000,0,,,,,,,,,,,,,,,
2730170022,2730170,27,603,02,2007,2008,2,151153,13,12.8000,8.3,8.3000,0,12,12.0000,0,,,,2.2,2.2000,1,4,4.0000,,,,,,,,,,,,,,,,,,,,,,
2730160015,2730160,27,603,01,2007,2007,11,060900,11,1.0000,8.2,8.2000,0,8.1,8.1000,0,,,,1.5,1.5000,0,2,2.0000,,<1.8,0.0000,0,ND,0.0000,0,,,,,,,,,,,,,,,
2730160016,2730160,27,603,01,2007,2007,11,060900,13,17.3000,8.2,8.2000,0,7.2,7.2000,1,,,,1.8,1.8000,0,3,3.0000,,,,,,,,,,,,,,,,,,,,,,
2730160017,2730160,27,603,01,2007,2007,12,060907,11,1.0000,8.1,8.1000,0,8.1,8.1000,0,,,,1.8,1.8000,0,3,3.0000,,<1.8,0.0000,0,ND,0.0000,0,,,,,,,,,,,,,,,
2730160018,2730160,27,603,01,2007,2007,12,060907,13,17.3000,8.1,8.1000,0,8.2,8.2000,0,,,,1.9,1.9000,0,3,3.0000,,,,,,,,,,,,,,,,,,,,,,
2730160019,2730160,27,603,01,2007,2008,1,220920,11,1.0000,8.1,8.1000,0,9.3,9.3000,0,,,,1.7,1.7000,0,1,1.0000,,13,13.0000,0,ND,0.0000,0,,,,,,,,,,,,,,,
2730160020,2730160,27,603,01,2007,2008,1,220920,13,17.7000,8.2,8.2000,0,9,9.0000,0,,,,1.8,1.8000,0,4,4.0000,,,,,,,,,,,,,,,,,,,,,,
2730160021,2730160,27,603,01,2007,2008,2,150927,11,1.0000,8.2,8.2000,0,11,11.0000,0,,,,2.6,2.6000,1,3,3.0000,,<1.8,0.0000,0,ND,0.0000,0,,,,,,,,,,,,,,,
2730160022,2730160,27,603,01,2007,2008,2,150927,13,17.2000,8.3,8.3000,0,11,11.0000,0,,,,2.3,2.3000,1,4,4.0000,,,,,,,,,,,,,,,,,,,,,,
2730160023,2730160,27,603,01,2007,2008,3,040854,11,1.0000,8.3,8.3000,0,11,11.0000,0,,,,2.8,2.8000,1,4,4.0000,,<1.8,0.0000,0,ND,0.0000,0,,,,,,,,,,,,,,,
2730160024,2730160,27,603,01,2007,2008,3,040854,13,17.5000,8.1,8.1000,0,9.2,9.2000,0,,,,2.4,2.4000,1,3,3.0000,,,,,,,,,,,,,,,,,,,,,,
2730170001,2730170,27,603,02,2007,2007,4,241200,11,1.0000,8.3,8.3000,0,9,9.0000,0,,,,2.3,2.3000,1,2,2.0000,,<1.8,0.0000,0,ND,0.0000,0,,,,,,,,,,,,,,,
